"Region","FullnameShort","Fullname","Name"
"Americas","Account Management (Commercial and Operational)\Americas\U","T:\Account Management (Commercial and Operational)\Americas\U","U"
"Australia","Account Management (Commercial and Operational)\Australia\A","T:\Account Management (Commercial and Operational)\Australia\A","A"
"EMEA","Account Management (Commercial and Operational)\EMEA\E","T:\Account Management (Commercial and Operational)\EMEA\E","E"
"Global","Account Management (Commercial and Operational)\Global\G","T:\Account Management (Commercial and Operational)\Global\G","G"
"Americas","Acquisitions and Investor Relations\Americas\U","T:\Acquisitions and Investor Relations\Americas\U","U"
"Australia","Acquisitions and Investor Relations\Australia\A","T:\Acquisitions and Investor Relations\Australia\A","A"
"EMEA","Acquisitions and Investor Relations\EMEA\E","T:\Acquisitions and Investor Relations\EMEA\E","E"
"Global","Acquisitions and Investor Relations\Global\G","T:\Acquisitions and Investor Relations\Global\G","G"
"Americas","Banks and Networks\Americas\U","T:\Banks and Networks\Americas\U","U"
"Australia","Banks and Networks\Australia\A","T:\Banks and Networks\Australia\A","A"
"EMEA","Banks and Networks\EMEA\E","T:\Banks and Networks\EMEA\E","E"
"Global","Banks and Networks\Global\G","T:\Banks and Networks\Global\G","G"
"Americas","Card Production\Americas\U","T:\Card Production\Americas\U","U"
"Australia","Card Production\Australia\A","T:\Card Production\Australia\A","A"
"EMEA","Card Production\EMEA\E","T:\Card Production\EMEA\E","E"
"Global","Card Production\Global\G","T:\Card Production\Global\G","G"
"Americas","Clients\Americas\U","T:\Clients\Americas\U","U"
"Australia","Clients\Australia\A","T:\Clients\Australia\A","A"
"EMEA","Clients\EMEA\E","T:\Clients\EMEA\E","E"
"Global","Clients\Global\G","T:\Clients\Global\G","G"
"Americas","Compliance-Fraud-Regulatory-Risk\Americas\U","T:\Compliance-Fraud-Regulatory-Risk\Americas\U","U"
"Australia","Compliance-Fraud-Regulatory-Risk\Australia\A","T:\Compliance-Fraud-Regulatory-Risk\Australia\A","A"
"EMEA","Compliance-Fraud-Regulatory-Risk\EMEA\E","T:\Compliance-Fraud-Regulatory-Risk\EMEA\E","E"
"Global","Compliance-Fraud-Regulatory-Risk\Global\G","T:\Compliance-Fraud-Regulatory-Risk\Global\G","G"
"Americas","Customer Service\Americas\U","T:\Customer Service\Americas\U","U"
"Australia","Customer Service\Australia\A","T:\Customer Service\Australia\A","A"
"EMEA","Customer Service\EMEA\E","T:\Customer Service\EMEA\E","E"
"Global","Customer Service\Global\G","T:\Customer Service\Global\G","G"
"Americas","Customer Success\Americas\U","T:\Customer Success\Americas\U","U"
"Australia","Customer Success\Australia\A","T:\Customer Success\Australia\A","A"
"EMEA","Customer Success\EMEA\E","T:\Customer Success\EMEA\E","E"
"Global","Customer Success\Global\G","T:\Customer Success\Global\G","G"
"Americas","Executive Team\Americas\U","T:\Executive Team\Americas\U","U"
"Australia","Executive Team\Australia\A","T:\Executive Team\Australia\A","A"
"EMEA","Executive Team\EMEA\E","T:\Executive Team\EMEA\E","E"
"Global","Executive Team\Global\G","T:\Executive Team\Global\G","G"
"Americas","Finance\Americas\U","T:\Finance\Americas\U","U"
"Australia","Finance\Australia\A","T:\Finance\Australia\A","A"
"EMEA","Finance\EMEA\E","T:\Finance\EMEA\E","E"
"Global","Finance\Global\G","T:\Finance\Global\G","G"
"Americas","Human Resouces\Americas\U","T:\Human Resouces\Americas\U","U"
"Australia","Human Resouces\Australia\A","T:\Human Resouces\Australia\A","A"
"EMEA","Human Resouces\EMEA\E","T:\Human Resouces\EMEA\E","E"
"Global","Human Resouces\Global\G","T:\Human Resouces\Global\G","G"
"Americas","Legal\Americas\U","T:\Legal\Americas\U","U"
"Australia","Legal\Australia\A","T:\Legal\Australia\A","A"
"EMEA","Legal\EMEA\E","T:\Legal\EMEA\E","E"
"Global","Legal\Global\G","T:\Legal\Global\G","G"
"Americas","Marketing\Americas\U","T:\Marketing\Americas\U","U"
"Australia","Marketing\Australia\A","T:\Marketing\Australia\A","A"
"EMEA","Marketing\EMEA\E","T:\Marketing\EMEA\E","E"
"Global","Marketing\Global\G","T:\Marketing\Global\G","G"
"Americas","Operations\Americas\U","T:\Operations\Americas\U","U"
"Australia","Operations\Australia\A","T:\Operations\Australia\A","A"
"EMEA","Operations\EMEA\E","T:\Operations\EMEA\E","E"
"Global","Operations\Global\G","T:\Operations\Global\G","G"
"Americas","Product\Americas\U","T:\Product\Americas\U","U"
"Australia","Product\Australia\A","T:\Product\Australia\A","A"
"EMEA","Product\EMEA\E","T:\Product\EMEA\E","E"
"Global","Product\Global\G","T:\Product\Global\G","G"
"Americas","Project Management\Americas\U","T:\Project Management\Americas\U","U"
"Australia","Project Management\Australia\A","T:\Project Management\Australia\A","A"
"EMEA","Project Management\EMEA\E","T:\Project Management\EMEA\E","E"
"Global","Project Management\Global\G","T:\Project Management\Global\G","G"
"Americas","Sales\Americas\U","T:\Sales\Americas\U","U"
"Australia","Sales\Australia\A","T:\Sales\Australia\A","A"
"EMEA","Sales\EMEA\E","T:\Sales\EMEA\E","E"
"Global","Sales\Global\G","T:\Sales\Global\G","G"
"Development","Technology\Development\Americas","T:\Technology\Development\Americas","Americas"
"Development","Technology\Development\Australia","T:\Technology\Development\Australia","Australia"
"Development","Technology\Development\EMEA","T:\Technology\Development\EMEA","EMEA"
"Development","Technology\Development\Global","T:\Technology\Development\Global","Global"
"Information Security","Technology\Information Security\Americas","T:\Technology\Information Security\Americas","Americas"
"Information Security","Technology\Information Security\Australia","T:\Technology\Information Security\Australia","Australia"
"Information Security","Technology\Information Security\EMEA","T:\Technology\Information Security\EMEA","EMEA"
"Information Security","Technology\Information Security\Global","T:\Technology\Information Security\Global","Global"
"Infrastructure","Technology\Infrastructure\Americas","T:\Technology\Infrastructure\Americas","Americas"
"Infrastructure","Technology\Infrastructure\Australia","T:\Technology\Infrastructure\Australia","Australia"
"Infrastructure","Technology\Infrastructure\EMEA","T:\Technology\Infrastructure\EMEA","EMEA"
"Infrastructure","Technology\Infrastructure\Global","T:\Technology\Infrastructure\Global","Global"
"MigrationTool","TEMP\MigrationTool\GlobalLog","T:\TEMP\MigrationTool\GlobalLog","GlobalLog"
"MigrationTool","TEMP\MigrationTool\storefinancial.com","T:\TEMP\MigrationTool\storefinancial.com","storefinancial.com"
"MigrationToolStorage","TEMP\MigrationToolStorage\storefinancial.com","T:\TEMP\MigrationToolStorage\storefinancial.com","storefinancial.com"
"AAllan","Users\AAllan\Private","T:\Users\AAllan\Private","Private"
"AAllan","Users\AAllan\Public","T:\Users\AAllan\Public","Public"
"AAlvarez","Users\AAlvarez\calls","T:\Users\AAlvarez\calls","calls"
"AAlvarez","Users\AAlvarez\Jesus IVR Recordings","T:\Users\AAlvarez\Jesus IVR Recordings","Jesus IVR Recordings"
"AAlvarez","Users\AAlvarez\PB Calls","T:\Users\AAlvarez\PB Calls","PB Calls"
"AAlvarez","Users\AAlvarez\Private","T:\Users\AAlvarez\Private","Private"
"AAlvarez","Users\AAlvarez\Public","T:\Users\AAlvarez\Public","Public"
"ADaniels","Users\ADaniels\Private","T:\Users\ADaniels\Private","Private"
"ADaniels","Users\ADaniels\Public","T:\Users\ADaniels\Public","Public"
"AElwell","Users\AElwell\Private","T:\Users\AElwell\Private","Private"
"AElwell","Users\AElwell\Public","T:\Users\AElwell\Public","Public"
"AEvans","Users\AEvans\Private","T:\Users\AEvans\Private","Private"
"AEvans","Users\AEvans\Public","T:\Users\AEvans\Public","Public"
"AHendren","Users\AHendren\Private","T:\Users\AHendren\Private","Private"
"AHendren","Users\AHendren\Public","T:\Users\AHendren\Public","Public"
"AHolter","Users\AHolter\Private","T:\Users\AHolter\Private","Private"
"AHolter","Users\AHolter\Public","T:\Users\AHolter\Public","Public"
"AKofoid","Users\AKofoid\Private","T:\Users\AKofoid\Private","Private"
"AMorgan","Users\AMorgan\Private","T:\Users\AMorgan\Private","Private"
"AMorgan","Users\AMorgan\Public","T:\Users\AMorgan\Public","Public"
"AOhara","Users\AOhara\Private","T:\Users\AOhara\Private","Private"
"ARizo","Users\ARizo\Private","T:\Users\ARizo\Private","Private"
"AStone","Users\AStone\Microsoft SQL Server Management Studio","T:\Users\AStone\Microsoft SQL Server Management Studio","Microsoft SQL Server Management Studio"
"AStone","Users\AStone\Private","T:\Users\AStone\Private","Private"
"AStone","Users\AStone\Public","T:\Users\AStone\Public","Public"
"AStone","Users\AStone\Windows 10 Pro","T:\Users\AStone\Windows 10 Pro","Windows 10 Pro"
"bcollins","Users\bcollins\Private","T:\Users\bcollins\Private","Private"
"bcollins","Users\bcollins\Public","T:\Users\bcollins\Public","Public"
"BGreen","Users\BGreen\Private","T:\Users\BGreen\Private","Private"
"BGreen","Users\BGreen\Public","T:\Users\BGreen\Public","Public"
"BGuggenmos","Users\BGuggenmos\Private","T:\Users\BGuggenmos\Private","Private"
"BGuggenmos","Users\BGuggenmos\Public","T:\Users\BGuggenmos\Public","Public"
"BJohnson","Users\BJohnson\Backup","T:\Users\BJohnson\Backup","Backup"
"BJohnson","Users\BJohnson\Private","T:\Users\BJohnson\Private","Private"
"BJohnson","Users\BJohnson\Production","T:\Users\BJohnson\Production","Production"
"BJohnson","Users\BJohnson\Public","T:\Users\BJohnson\Public","Public"
"BMoriarty","Users\BMoriarty\1-1","T:\Users\BMoriarty\1-1","1-1"
"BMoriarty","Users\BMoriarty\Private","T:\Users\BMoriarty\Private","Private"
"BMoriarty","Users\BMoriarty\Public","T:\Users\BMoriarty\Public","Public"
"BWhite","Users\BWhite\Public","T:\Users\BWhite\Public","Public"
"BWorrell","Users\BWorrell\Private","T:\Users\BWorrell\Private","Private"
"BWorrell","Users\BWorrell\Public","T:\Users\BWorrell\Public","Public"
"CDziurawiec","Users\CDziurawiec\Fulfillment Files","T:\Users\CDziurawiec\Fulfillment Files","Fulfillment Files"
"CDziurawiec","Users\CDziurawiec\Lunch-and-Learn","T:\Users\CDziurawiec\Lunch-and-Learn","Lunch-and-Learn"
"CDziurawiec","Users\CDziurawiec\Offline Cert","T:\Users\CDziurawiec\Offline Cert","Offline Cert"
"CDziurawiec","Users\CDziurawiec\UAT","T:\Users\CDziurawiec\UAT","UAT"
"CHeath","Users\CHeath\Private","T:\Users\CHeath\Private","Private"
"CHeath","Users\CHeath\Public","T:\Users\CHeath\Public","Public"
"CMaggard","Users\CMaggard\Private","T:\Users\CMaggard\Private","Private"
"Cooper","Users\Cooper\Deployment","T:\Users\Cooper\Deployment","Deployment"
"CPlummer","Users\CPlummer\Private","T:\Users\CPlummer\Private","Private"
"CPlummer","Users\CPlummer\Public","T:\Users\CPlummer\Public","Public"
"CVillalobos","Users\CVillalobos\Private","T:\Users\CVillalobos\Private","Private"
"CVillalobos","Users\CVillalobos\Public","T:\Users\CVillalobos\Public","Public"
"DGroeneweegen","Users\DGroeneweegen\Private","T:\Users\DGroeneweegen\Private","Private"
"DGroeneweegen","Users\DGroeneweegen\Public","T:\Users\DGroeneweegen\Public","Public"
"DMcAllister","Users\DMcAllister\Private","T:\Users\DMcAllister\Private","Private"
"DMcAllister","Users\DMcAllister\Public","T:\Users\DMcAllister\Public","Public"
"DMeyer","Users\DMeyer\Private","T:\Users\DMeyer\Private","Private"
"DMeyer","Users\DMeyer\Public","T:\Users\DMeyer\Public","Public"
"DRowton","Users\DRowton\Private","T:\Users\DRowton\Private","Private"
"DRowton","Users\DRowton\Public","T:\Users\DRowton\Public","Public"
"EHazelrigg","Users\EHazelrigg\Private","T:\Users\EHazelrigg\Private","Private"
"EHazelrigg","Users\EHazelrigg\Public","T:\Users\EHazelrigg\Public","Public"
"EMendez","Users\EMendez\Public","T:\Users\EMendez\Public","Public"
"EMettemeyer","Users\EMettemeyer\Private","T:\Users\EMettemeyer\Private","Private"
"ERiggs","Users\ERiggs\Private","T:\Users\ERiggs\Private","Private"
"ERiggs","Users\ERiggs\Public","T:\Users\ERiggs\Public","Public"
"GHolbert","Users\GHolbert\Private","T:\Users\GHolbert\Private","Private"
"GHolbert","Users\GHolbert\Public","T:\Users\GHolbert\Public","Public"
"HMcNeill","Users\HMcNeill\Private","T:\Users\HMcNeill\Private","Private"
"HMcNeill","Users\HMcNeill\Public","T:\Users\HMcNeill\Public","Public"
"hmelvin","Users\hmelvin\Private","T:\Users\hmelvin\Private","Private"
"IBoucena","Users\IBoucena\Private","T:\Users\IBoucena\Private","Private"
"JAnderson","Users\JAnderson\Private","T:\Users\JAnderson\Private","Private"
"JAnderson","Users\JAnderson\Public","T:\Users\JAnderson\Public","Public"
"JBuchta","Users\JBuchta\PointsBet_Migration_PROD","T:\Users\JBuchta\PointsBet_Migration_PROD","PointsBet_Migration_PROD"
"JBuchta","Users\JBuchta\PointsBet_RL_Migration_XTest","T:\Users\JBuchta\PointsBet_RL_Migration_XTest","PointsBet_RL_Migration_XTest"
"JBuchta","Users\JBuchta\Private","T:\Users\JBuchta\Private","Private"
"JBuchta","Users\JBuchta\Public","T:\Users\JBuchta\Public","Public"
"JGloeckner","Users\JGloeckner\My Folder","T:\Users\JGloeckner\My Folder","My Folder"
"JHeeney","Users\JHeeney\Private","T:\Users\JHeeney\Private","Private"
"JHeeney","Users\JHeeney\Public","T:\Users\JHeeney\Public","Public"
"JHensley","Users\JHensley\Documents","T:\Users\JHensley\Documents","Documents"
"JHensley","Users\JHensley\For Deployment","T:\Users\JHensley\For Deployment","For Deployment"
"JHensley","Users\JHensley\Git","T:\Users\JHensley\Git","Git"
"JHensley","Users\JHensley\ispacs","T:\Users\JHensley\ispacs","ispacs"
"JHensley","Users\JHensley\Software","T:\Users\JHensley\Software","Software"
"JHuson","Users\JHuson\Private","T:\Users\JHuson\Private","Private"
"JHuson","Users\JHuson\Public","T:\Users\JHuson\Public","Public"
"JJaworski","Users\JJaworski\Private","T:\Users\JJaworski\Private","Private"
"JLilly","Users\JLilly\Private","T:\Users\JLilly\Private","Private"
"JLim","Users\JLim\Private","T:\Users\JLim\Private","Private"
"JLim","Users\JLim\Public","T:\Users\JLim\Public","Public"
"JNadler","Users\JNadler\Private","T:\Users\JNadler\Private","Private"
"JNadler","Users\JNadler\Public","T:\Users\JNadler\Public","Public"
"JNair","Users\JNair\Other","T:\Users\JNair\Other","Other"
"JNair","Users\JNair\Public","T:\Users\JNair\Public","Public"
"JSeeker","Users\JSeeker\Private","T:\Users\JSeeker\Private","Private"
"JShelton","Users\JShelton\Private","T:\Users\JShelton\Private","Private"
"JShelton","Users\JShelton\Public","T:\Users\JShelton\Public","Public"
"JSteele","Users\JSteele\Private","T:\Users\JSteele\Private","Private"
"JSteele","Users\JSteele\Public","T:\Users\JSteele\Public","Public"
"JVanBooven","Users\JVanBooven\Private","T:\Users\JVanBooven\Private","Private"
"JVanBooven","Users\JVanBooven\Public","T:\Users\JVanBooven\Public","Public"
"KAlAmin","Users\KAlAmin\Private","T:\Users\KAlAmin\Private","Private"
"KDomann","Users\KDomann\Private","T:\Users\KDomann\Private","Private"
"KHayes","Users\KHayes\Adobe Sign","T:\Users\KHayes\Adobe Sign","Adobe Sign"
"KHayes","Users\KHayes\Assignment","T:\Users\KHayes\Assignment","Assignment"
"KHayes","Users\KHayes\Canada","T:\Users\KHayes\Canada","Canada"
"KHayes","Users\KHayes\CardFront","T:\Users\KHayes\CardFront","CardFront"
"KHayes","Users\KHayes\COIs","T:\Users\KHayes\COIs","COIs"
"KHayes","Users\KHayes\Complaints","T:\Users\KHayes\Complaints","Complaints"
"KHayes","Users\KHayes\Compliance","T:\Users\KHayes\Compliance","Compliance"
"KHayes","Users\KHayes\Contract Emails","T:\Users\KHayes\Contract Emails","Contract Emails"
"KHayes","Users\KHayes\Contract Entry Project","T:\Users\KHayes\Contract Entry Project","Contract Entry Project"
"KHayes","Users\KHayes\Contracts","T:\Users\KHayes\Contracts","Contracts"
"KHayes","Users\KHayes\Due Diligence","T:\Users\KHayes\Due Diligence","Due Diligence"
"KHayes","Users\KHayes\EML","T:\Users\KHayes\EML","EML"
"KHayes","Users\KHayes\EML Stock","T:\Users\KHayes\EML Stock","EML Stock"
"KHayes","Users\KHayes\Governemnt Laws and Regs","T:\Users\KHayes\Governemnt Laws and Regs","Governemnt Laws and Regs"
"KHayes","Users\KHayes\Jira","T:\Users\KHayes\Jira","Jira"
"KHayes","Users\KHayes\Legal","T:\Users\KHayes\Legal","Legal"
"KHayes","Users\KHayes\Letters","T:\Users\KHayes\Letters","Letters"
"KHayes","Users\KHayes\Mail","T:\Users\KHayes\Mail","Mail"
"KHayes","Users\KHayes\Marketing","T:\Users\KHayes\Marketing","Marketing"
"KHayes","Users\KHayes\MTL","T:\Users\KHayes\MTL","MTL"
"KHayes","Users\KHayes\NDAs","T:\Users\KHayes\NDAs","NDAs"
"KHayes","Users\KHayes\Pays","T:\Users\KHayes\Pays","Pays"
"KHayes","Users\KHayes\PDFs","T:\Users\KHayes\PDFs","PDFs"
"KHayes","Users\KHayes\Procedures","T:\Users\KHayes\Procedures","Procedures"
"KHayes","Users\KHayes\PVPs","T:\Users\KHayes\PVPs","PVPs"
"KHayes","Users\KHayes\Referral","T:\Users\KHayes\Referral","Referral"
"KHayes","Users\KHayes\Signatures","T:\Users\KHayes\Signatures","Signatures"
"KHayes","Users\KHayes\SOC Audit","T:\Users\KHayes\SOC Audit","SOC Audit"
"KHayes","Users\KHayes\Templates","T:\Users\KHayes\Templates","Templates"
"KHayes","Users\KHayes\Terminations","T:\Users\KHayes\Terminations","Terminations"
"KHayes","Users\KHayes\Training","T:\Users\KHayes\Training","Training"
"KHayes","Users\KHayes\Vendors","T:\Users\KHayes\Vendors","Vendors"
"KHayes","Users\KHayes\Vetting","T:\Users\KHayes\Vetting","Vetting"
"KHayes","Users\KHayes\__ Customer Success Project","T:\Users\KHayes\__ Customer Success Project","__ Customer Success Project"
"KOldre","Users\KOldre\Private","T:\Users\KOldre\Private","Private"
"KOldre","Users\KOldre\Public","T:\Users\KOldre\Public","Public"
"KShearer","Users\KShearer\Badgers","T:\Users\KShearer\Badgers","Badgers"
"KShearer","Users\KShearer\Outlook","T:\Users\KShearer\Outlook","Outlook"
"KShearer","Users\KShearer\Outlook Files","T:\Users\KShearer\Outlook Files","Outlook Files"
"KShearer","Users\KShearer\Peoples","T:\Users\KShearer\Peoples","Peoples"
"KShearer","Users\KShearer\Simon card inventory notes","T:\Users\KShearer\Simon card inventory notes","Simon card inventory notes"
"KShearer","Users\KShearer\Simon Collateral","T:\Users\KShearer\Simon Collateral","Simon Collateral"
"KShearer","Users\KShearer\Simon Visa Art Proofs","T:\Users\KShearer\Simon Visa Art Proofs","Simon Visa Art Proofs"
"KShearer","Users\KShearer\Toka Internal Notes","T:\Users\KShearer\Toka Internal Notes","Toka Internal Notes"
"KSmith","Users\KSmith\2020","T:\Users\KSmith\2020","2020"
"KSmith","Users\KSmith\EML Vivita3_Folder","T:\Users\KSmith\EML Vivita3_Folder","EML Vivita3_Folder"
"KSmith","Users\KSmith\G2E brochuredraf05 Folder","T:\Users\KSmith\G2E brochuredraf05 Folder","G2E brochuredraf05 Folder"
"KSmith","Users\KSmith\ghost","T:\Users\KSmith\ghost","ghost"
"KSmith","Users\KSmith\Invoices","T:\Users\KSmith\Invoices","Invoices"
"KSmith","Users\KSmith\Private","T:\Users\KSmith\Private","Private"
"KSmith","Users\KSmith\Public","T:\Users\KSmith\Public","Public"
"KWinters","Users\KWinters\Private","T:\Users\KWinters\Private","Private"
"KWinters","Users\KWinters\Public","T:\Users\KWinters\Public","Public"
"LJo","Users\LJo\Private","T:\Users\LJo\Private","Private"
"LJo","Users\LJo\Public","T:\Users\LJo\Public","Public"
"LVanhorn","Users\LVanhorn\Private","T:\Users\LVanhorn\Private","Private"
"MCervi","Users\MCervi\27311","T:\Users\MCervi\27311","27311"
"MCervi","Users\MCervi\ABUReportRewrite","T:\Users\MCervi\ABUReportRewrite","ABUReportRewrite"
"MCervi","Users\MCervi\ad hoc","T:\Users\MCervi\ad hoc","ad hoc"
"MCervi","Users\MCervi\Apple Reports","T:\Users\MCervi\Apple Reports","Apple Reports"
"MCervi","Users\MCervi\AppleReporting","T:\Users\MCervi\AppleReporting","AppleReporting"
"MCervi","Users\MCervi\ATMSummary","T:\Users\MCervi\ATMSummary","ATMSummary"
"MCervi","Users\MCervi\ATMTransactionCountsByCTID","T:\Users\MCervi\ATMTransactionCountsByCTID","ATMTransactionCountsByCTID"
"MCervi","Users\MCervi\ATMTransactionCountsByDay","T:\Users\MCervi\ATMTransactionCountsByDay","ATMTransactionCountsByDay"
"MCervi","Users\MCervi\AuthorizedFlatFile","T:\Users\MCervi\AuthorizedFlatFile","AuthorizedFlatFile"
"MCervi","Users\MCervi\AuthorizedFlatFile_2017","T:\Users\MCervi\AuthorizedFlatFile_2017","AuthorizedFlatFile_2017"
"MCervi","Users\MCervi\AuthorizedFlatFile_2017_Prod","T:\Users\MCervi\AuthorizedFlatFile_2017_Prod","AuthorizedFlatFile_2017_Prod"
"MCervi","Users\MCervi\B2B Settlement Report Onpay","T:\Users\MCervi\B2B Settlement Report Onpay","B2B Settlement Report Onpay"
"MCervi","Users\MCervi\Bancorp_BankLookupFile","T:\Users\MCervi\Bancorp_BankLookupFile","Bancorp_BankLookupFile"
"MCervi","Users\MCervi\Bancorp_Nonfinancial","T:\Users\MCervi\Bancorp_Nonfinancial","Bancorp_Nonfinancial"
"MCervi","Users\MCervi\BankImageSaveToFileStorage","T:\Users\MCervi\BankImageSaveToFileStorage","BankImageSaveToFileStorage"
"MCervi","Users\MCervi\BankImageSaveToFileStorage_2017","T:\Users\MCervi\BankImageSaveToFileStorage_2017","BankImageSaveToFileStorage_2017"
"MCervi","Users\MCervi\BankLookupFile","T:\Users\MCervi\BankLookupFile","BankLookupFile"
"MCervi","Users\MCervi\BillGo 555490","T:\Users\MCervi\BillGo 555490","BillGo 555490"
"MCervi","Users\MCervi\Billgo interchange april","T:\Users\MCervi\Billgo interchange april","Billgo interchange april"
"MCervi","Users\MCervi\BinOptimizationReport","T:\Users\MCervi\BinOptimizationReport","BinOptimizationReport"
"MCervi","Users\MCervi\Briefcase Interchange Deployment Scripts","T:\Users\MCervi\Briefcase Interchange Deployment Scripts","Briefcase Interchange Deployment Scripts"
"MCervi","Users\MCervi\BulkPurchaseActivations","T:\Users\MCervi\BulkPurchaseActivations","BulkPurchaseActivations"
"MCervi","Users\MCervi\Card Adjustment Report","T:\Users\MCervi\Card Adjustment Report","Card Adjustment Report"
"MCervi","Users\MCervi\CardCompliantDerecognition","T:\Users\MCervi\CardCompliantDerecognition","CardCompliantDerecognition"
"MCervi","Users\MCervi\cardfront monthly ad hoc","T:\Users\MCervi\cardfront monthly ad hoc","cardfront monthly ad hoc"
"MCervi","Users\MCervi\Cardfront Purchase Summary","T:\Users\MCervi\Cardfront Purchase Summary","Cardfront Purchase Summary"
"MCervi","Users\MCervi\CardFrontFulfillment","T:\Users\MCervi\CardFrontFulfillment","CardFrontFulfillment"
"MCervi","Users\MCervi\CardFrontOptInReport","T:\Users\MCervi\CardFrontOptInReport","CardFrontOptInReport"
"MCervi","Users\MCervi\CardFrontOptInReport_Program","T:\Users\MCervi\CardFrontOptInReport_Program","CardFrontOptInReport_Program"
"MCervi","Users\MCervi\CardFrontOptIn_Program_2017","T:\Users\MCervi\CardFrontOptIn_Program_2017","CardFrontOptIn_Program_2017"
"MCervi","Users\MCervi\CardfrontPurchaseSummary_Monthly","T:\Users\MCervi\CardfrontPurchaseSummary_Monthly","CardfrontPurchaseSummary_Monthly"
"MCervi","Users\MCervi\CardFrontPurchaseSummary_Monthly_2017","T:\Users\MCervi\CardFrontPurchaseSummary_Monthly_2017","CardFrontPurchaseSummary_Monthly_2017"
"MCervi","Users\MCervi\Cardholder Fee By Currency","T:\Users\MCervi\Cardholder Fee By Currency","Cardholder Fee By Currency"
"MCervi","Users\MCervi\Cardholder Fee Summary","T:\Users\MCervi\Cardholder Fee Summary","Cardholder Fee Summary"
"MCervi","Users\MCervi\CardholderFeeSummaryReport","T:\Users\MCervi\CardholderFeeSummaryReport","CardholderFeeSummaryReport"
"MCervi","Users\MCervi\CardOrderReport","T:\Users\MCervi\CardOrderReport","CardOrderReport"
"MCervi","Users\MCervi\Cardspot Card Order Report","T:\Users\MCervi\Cardspot Card Order Report","Cardspot Card Order Report"
"MCervi","Users\MCervi\CF MyProfile","T:\Users\MCervi\CF MyProfile","CF MyProfile"
"MCervi","Users\MCervi\CF Opt In","T:\Users\MCervi\CF Opt In","CF Opt In"
"MCervi","Users\MCervi\CF Raw Data Samples","T:\Users\MCervi\CF Raw Data Samples","CF Raw Data Samples"
"MCervi","Users\MCervi\CFPromoCardUsageReport","T:\Users\MCervi\CFPromoCardUsageReport","CFPromoCardUsageReport"
"MCervi","Users\MCervi\CFTandCReport","T:\Users\MCervi\CFTandCReport","CFTandCReport"
"MCervi","Users\MCervi\ChargebackReport_Zellis","T:\Users\MCervi\ChargebackReport_Zellis","ChargebackReport_Zellis"
"MCervi","Users\MCervi\Corporate Wallet Ledger Balance","T:\Users\MCervi\Corporate Wallet Ledger Balance","Corporate Wallet Ledger Balance"
"MCervi","Users\MCervi\CorporateWalletLedgerBalance","T:\Users\MCervi\CorporateWalletLedgerBalance","CorporateWalletLedgerBalance"
"MCervi","Users\MCervi\Cross Property Redemption","T:\Users\MCervi\Cross Property Redemption","Cross Property Redemption"
"MCervi","Users\MCervi\Cross Property Redemption annual report","T:\Users\MCervi\Cross Property Redemption annual report","Cross Property Redemption annual report"
"MCervi","Users\MCervi\CrossPropertyRedemptionReport_Weekly","T:\Users\MCervi\CrossPropertyRedemptionReport_Weekly","CrossPropertyRedemptionReport_Weekly"
"MCervi","Users\MCervi\cube etl code review","T:\Users\MCervi\cube etl code review","cube etl code review"
"MCervi","Users\MCervi\cube migration","T:\Users\MCervi\cube migration","cube migration"
"MCervi","Users\MCervi\cubebackup7-26","T:\Users\MCervi\cubebackup7-26","cubebackup7-26"
"MCervi","Users\MCervi\CubeETLTest","T:\Users\MCervi\CubeETLTest","CubeETLTest"
"MCervi","Users\MCervi\Cube_InitialDataLoad_Old","T:\Users\MCervi\Cube_InitialDataLoad_Old","Cube_InitialDataLoad_Old"
"MCervi","Users\MCervi\Customer Information Detail Report","T:\Users\MCervi\Customer Information Detail Report","Customer Information Detail Report"
"MCervi","Users\MCervi\CustomerInformationDetailReport_2017","T:\Users\MCervi\CustomerInformationDetailReport_2017","CustomerInformationDetailReport_2017"
"MCervi","Users\MCervi\CustomerInformationReport update 1-20","T:\Users\MCervi\CustomerInformationReport update 1-20","CustomerInformationReport update 1-20"
"MCervi","Users\MCervi\CustomerInformation_adhoc","T:\Users\MCervi\CustomerInformation_adhoc","CustomerInformation_adhoc"
"MCervi","Users\MCervi\DataWarehouse","T:\Users\MCervi\DataWarehouse","DataWarehouse"
"MCervi","Users\MCervi\DelegatedAuthNonZeroBalanceReport","T:\Users\MCervi\DelegatedAuthNonZeroBalanceReport","DelegatedAuthNonZeroBalanceReport"
"MCervi","Users\MCervi\DelegatedAuthNonZeroBalanceReport_2017","T:\Users\MCervi\DelegatedAuthNonZeroBalanceReport_2017","DelegatedAuthNonZeroBalanceReport_2017"
"MCervi","Users\MCervi\DelegatedAuthsByDay","T:\Users\MCervi\DelegatedAuthsByDay","DelegatedAuthsByDay"
"MCervi","Users\MCervi\DeveloperTransactionDetail","T:\Users\MCervi\DeveloperTransactionDetail","DeveloperTransactionDetail"
"MCervi","Users\MCervi\DeveloperUserPermissionsReport","T:\Users\MCervi\DeveloperUserPermissionsReport","DeveloperUserPermissionsReport"
"MCervi","Users\MCervi\DididDeclinedAuthorizationRequests","T:\Users\MCervi\DididDeclinedAuthorizationRequests","DididDeclinedAuthorizationRequests"
"MCervi","Users\MCervi\didix card activations","T:\Users\MCervi\didix card activations","didix card activations"
"MCervi","Users\MCervi\Didix card redemptions","T:\Users\MCervi\Didix card redemptions","Didix card redemptions"
"MCervi","Users\MCervi\DidixRanReport","T:\Users\MCervi\DidixRanReport","DidixRanReport"
"MCervi","Users\MCervi\Didix_DeclinedAuthorizationRequests","T:\Users\MCervi\Didix_DeclinedAuthorizationRequests","Didix_DeclinedAuthorizationRequests"
"MCervi","Users\MCervi\ECE samples","T:\Users\MCervi\ECE samples","ECE samples"
"MCervi","Users\MCervi\EMLIrelandReports","T:\Users\MCervi\EMLIrelandReports","EMLIrelandReports"
"MCervi","Users\MCervi\EpipoliActivationSummary_ByDeveloper","T:\Users\MCervi\EpipoliActivationSummary_ByDeveloper","EpipoliActivationSummary_ByDeveloper"
"MCervi","Users\MCervi\EpipoliSettlementsReport","T:\Users\MCervi\EpipoliSettlementsReport","EpipoliSettlementsReport"
"MCervi","Users\MCervi\eu breakage report","T:\Users\MCervi\eu breakage report","eu breakage report"
"MCervi","Users\MCervi\ExcelTest","T:\Users\MCervi\ExcelTest","ExcelTest"
"MCervi","Users\MCervi\ExigoReconciliation","T:\Users\MCervi\ExigoReconciliation","ExigoReconciliation"
"MCervi","Users\MCervi\ExigoReconciliation_2017","T:\Users\MCervi\ExigoReconciliation_2017","ExigoReconciliation_2017"
"MCervi","Users\MCervi\ExternalIdHashValues_AdHoc","T:\Users\MCervi\ExternalIdHashValues_AdHoc","ExternalIdHashValues_AdHoc"
"MCervi","Users\MCervi\Formatted spreadsheet test","T:\Users\MCervi\Formatted spreadsheet test","Formatted spreadsheet test"
"MCervi","Users\MCervi\Fraud Test","T:\Users\MCervi\Fraud Test","Fraud Test"
"MCervi","Users\MCervi\Fraud_AuthsPerCard","T:\Users\MCervi\Fraud_AuthsPerCard","Fraud_AuthsPerCard"
"MCervi","Users\MCervi\Fraud_CardsNotFoundReport","T:\Users\MCervi\Fraud_CardsNotFoundReport","Fraud_CardsNotFoundReport"
"MCervi","Users\MCervi\Fraud_Chargebacks","T:\Users\MCervi\Fraud_Chargebacks","Fraud_Chargebacks"
"MCervi","Users\MCervi\Fraud_SecondPresentments","T:\Users\MCervi\Fraud_SecondPresentments","Fraud_SecondPresentments"
"MCervi","Users\MCervi\GiftcardTransactionDetail","T:\Users\MCervi\GiftcardTransactionDetail","GiftcardTransactionDetail"
"MCervi","Users\MCervi\GiftCardTransactionDetail_2017_v2","T:\Users\MCervi\GiftCardTransactionDetail_2017_v2","GiftCardTransactionDetail_2017_v2"
"MCervi","Users\MCervi\GiftCardTransactionDetail_CF","T:\Users\MCervi\GiftCardTransactionDetail_CF","GiftCardTransactionDetail_CF"
"MCervi","Users\MCervi\GiftCardTransactionDetail_Replacement","T:\Users\MCervi\GiftCardTransactionDetail_Replacement","GiftCardTransactionDetail_Replacement"
"MCervi","Users\MCervi\HC_CA_Redemption_2017","T:\Users\MCervi\HC_CA_Redemption_2017","HC_CA_Redemption_2017"
"MCervi","Users\MCervi\HD CA Lifetime","T:\Users\MCervi\HD CA Lifetime","HD CA Lifetime"
"MCervi","Users\MCervi\HD CA Redemption","T:\Users\MCervi\HD CA Redemption","HD CA Redemption"
"MCervi","Users\MCervi\HD files 3-26","T:\Users\MCervi\HD files 3-26","HD files 3-26"
"MCervi","Users\MCervi\HD files 4-26","T:\Users\MCervi\HD files 4-26","HD files 4-26"
"MCervi","Users\MCervi\HDEmail","T:\Users\MCervi\HDEmail","HDEmail"
"MCervi","Users\MCervi\HDQuarterlyRedemptionReport","T:\Users\MCervi\HDQuarterlyRedemptionReport","HDQuarterlyRedemptionReport"
"MCervi","Users\MCervi\HDQuarterlyRedemptions","T:\Users\MCervi\HDQuarterlyRedemptions","HDQuarterlyRedemptions"
"MCervi","Users\MCervi\HD_CA_Lifetime_2017","T:\Users\MCervi\HD_CA_Lifetime_2017","HD_CA_Lifetime_2017"
"MCervi","Users\MCervi\HD_CA_Redemption","T:\Users\MCervi\HD_CA_Redemption","HD_CA_Redemption"
"MCervi","Users\MCervi\HD_Email","T:\Users\MCervi\HD_Email","HD_Email"
"MCervi","Users\MCervi\HTA Auths Ad Hoc","T:\Users\MCervi\HTA Auths Ad Hoc","HTA Auths Ad Hoc"
"MCervi","Users\MCervi\HTASalesReport_2017","T:\Users\MCervi\HTASalesReport_2017","HTASalesReport_2017"
"MCervi","Users\MCervi\HTASalesReport_2017v2","T:\Users\MCervi\HTASalesReport_2017v2","HTASalesReport_2017v2"
"MCervi","Users\MCervi\HTASettlementReport","T:\Users\MCervi\HTASettlementReport","HTASettlementReport"
"MCervi","Users\MCervi\HTASettlementReport_2017","T:\Users\MCervi\HTASettlementReport_2017","HTASettlementReport_2017"
"MCervi","Users\MCervi\HTA_AdHoc","T:\Users\MCervi\HTA_AdHoc","HTA_AdHoc"
"MCervi","Users\MCervi\HuntGroupActivations","T:\Users\MCervi\HuntGroupActivations","HuntGroupActivations"
"MCervi","Users\MCervi\HuntGroupExpiry","T:\Users\MCervi\HuntGroupExpiry","HuntGroupExpiry"
"MCervi","Users\MCervi\IC Data Dump","T:\Users\MCervi\IC Data Dump","IC Data Dump"
"MCervi","Users\MCervi\IncentiveRevenueReport","T:\Users\MCervi\IncentiveRevenueReport","IncentiveRevenueReport"
"MCervi","Users\MCervi\InitialCubeETL_Prod","T:\Users\MCervi\InitialCubeETL_Prod","InitialCubeETL_Prod"
"MCervi","Users\MCervi\InitialDataLoad_DataWarehouseETL","T:\Users\MCervi\InitialDataLoad_DataWarehouseETL","InitialDataLoad_DataWarehouseETL"
"MCervi","Users\MCervi\Integration Services Project1","T:\Users\MCervi\Integration Services Project1","Integration Services Project1"
"MCervi","Users\MCervi\Integration Services Project2","T:\Users\MCervi\Integration Services Project2","Integration Services Project2"
"MCervi","Users\MCervi\Integration Services Project3","T:\Users\MCervi\Integration Services Project3","Integration Services Project3"
"MCervi","Users\MCervi\Integration Services Project4","T:\Users\MCervi\Integration Services Project4","Integration Services Project4"
"MCervi","Users\MCervi\Integration Services Project5","T:\Users\MCervi\Integration Services Project5","Integration Services Project5"
"MCervi","Users\MCervi\Interchange and Fees Report","T:\Users\MCervi\Interchange and Fees Report","Interchange and Fees Report"
"MCervi","Users\MCervi\Interchange Report B2B Program Summary","T:\Users\MCervi\Interchange Report B2B Program Summary","Interchange Report B2B Program Summary"
"MCervi","Users\MCervi\Interchange Report Detail","T:\Users\MCervi\Interchange Report Detail","Interchange Report Detail"
"MCervi","Users\MCervi\IvanhoeCambridgeRedeemed","T:\Users\MCervi\IvanhoeCambridgeRedeemed","IvanhoeCambridgeRedeemed"
"MCervi","Users\MCervi\IvanhoeCambridgeRedeemed.old","T:\Users\MCervi\IvanhoeCambridgeRedeemed.old","IvanhoeCambridgeRedeemed.old"
"MCervi","Users\MCervi\IvanhoeCardsPurchased","T:\Users\MCervi\IvanhoeCardsPurchased","IvanhoeCardsPurchased"
"MCervi","Users\MCervi\IvanhoeCardsPurchased v2","T:\Users\MCervi\IvanhoeCardsPurchased v2","IvanhoeCardsPurchased v2"
"MCervi","Users\MCervi\IvanhoeCardsRedeemed v2","T:\Users\MCervi\IvanhoeCardsRedeemed v2","IvanhoeCardsRedeemed v2"
"MCervi","Users\MCervi\KCS Supplier Payments","T:\Users\MCervi\KCS Supplier Payments","KCS Supplier Payments"
"MCervi","Users\MCervi\Land Securities File 4-22","T:\Users\MCervi\Land Securities File 4-22","Land Securities File 4-22"
"MCervi","Users\MCervi\LandSecuritiesRedemptionData","T:\Users\MCervi\LandSecuritiesRedemptionData","LandSecuritiesRedemptionData"
"MCervi","Users\MCervi\LandSecuritiesRedemptionSummaryData","T:\Users\MCervi\LandSecuritiesRedemptionSummaryData","LandSecuritiesRedemptionSummaryData"
"MCervi","Users\MCervi\LandSecuritiesSalesDetailReport","T:\Users\MCervi\LandSecuritiesSalesDetailReport","LandSecuritiesSalesDetailReport"
"MCervi","Users\MCervi\LandSecuritiesSalesSummary","T:\Users\MCervi\LandSecuritiesSalesSummary","LandSecuritiesSalesSummary"
"MCervi","Users\MCervi\LLRReloadUnloadReconciliation","T:\Users\MCervi\LLRReloadUnloadReconciliation","LLRReloadUnloadReconciliation"
"MCervi","Users\MCervi\LockedCardsReport","T:\Users\MCervi\LockedCardsReport","LockedCardsReport"
"MCervi","Users\MCervi\MasterCardFeeReport","T:\Users\MCervi\MasterCardFeeReport","MasterCardFeeReport"
"MCervi","Users\MCervi\MCInterchange ETL test","T:\Users\MCervi\MCInterchange ETL test","MCInterchange ETL test"
"MCervi","Users\MCervi\Merchant Group Transfer Report","T:\Users\MCervi\Merchant Group Transfer Report","Merchant Group Transfer Report"
"MCervi","Users\MCervi\Merchant Transaction Detail Auths","T:\Users\MCervi\Merchant Transaction Detail Auths","Merchant Transaction Detail Auths"
"MCervi","Users\MCervi\Merchant Transaction Summary Report","T:\Users\MCervi\Merchant Transaction Summary Report","Merchant Transaction Summary Report"
"MCervi","Users\MCervi\Meta chargebacks delta ad hoc","T:\Users\MCervi\Meta chargebacks delta ad hoc","Meta chargebacks delta ad hoc"
"MCervi","Users\MCervi\Meta Nonfinancial SSIS Package","T:\Users\MCervi\Meta Nonfinancial SSIS Package","Meta Nonfinancial SSIS Package"
"MCervi","Users\MCervi\Meta Posted SSIS Package","T:\Users\MCervi\Meta Posted SSIS Package","Meta Posted SSIS Package"
"MCervi","Users\MCervi\Meta Reconciliation","T:\Users\MCervi\Meta Reconciliation","Meta Reconciliation"
"MCervi","Users\MCervi\MetabankNonfinDelta","T:\Users\MCervi\MetabankNonfinDelta","MetabankNonfinDelta"
"MCervi","Users\MCervi\Meta_AuthRequests","T:\Users\MCervi\Meta_AuthRequests","Meta_AuthRequests"
"MCervi","Users\MCervi\MFI","T:\Users\MCervi\MFI","MFI"
"MCervi","Users\MCervi\Negative Balance All Bins","T:\Users\MCervi\Negative Balance All Bins","Negative Balance All Bins"
"MCervi","Users\MCervi\Negative Balance Report Daily","T:\Users\MCervi\Negative Balance Report Daily","Negative Balance Report Daily"
"MCervi","Users\MCervi\NegativeBalanceAllBins","T:\Users\MCervi\NegativeBalanceAllBins","NegativeBalanceAllBins"
"MCervi","Users\MCervi\NegativeCardBalanceDetailReport","T:\Users\MCervi\NegativeCardBalanceDetailReport","NegativeCardBalanceDetailReport"
"MCervi","Users\MCervi\NegativeCardBalanceFraud_Dev_2","T:\Users\MCervi\NegativeCardBalanceFraud_Dev_2","NegativeCardBalanceFraud_Dev_2"
"MCervi","Users\MCervi\NonfinancialFlatFile","T:\Users\MCervi\NonfinancialFlatFile","NonfinancialFlatFile"
"MCervi","Users\MCervi\NonfundedCardOrders","T:\Users\MCervi\NonfundedCardOrders","NonfundedCardOrders"
"MCervi","Users\MCervi\offline reports","T:\Users\MCervi\offline reports","offline reports"
"MCervi","Users\MCervi\Online Card Order Report","T:\Users\MCervi\Online Card Order Report","Online Card Order Report"
"MCervi","Users\MCervi\Pandora Ad hoc","T:\Users\MCervi\Pandora Ad hoc","Pandora Ad hoc"
"MCervi","Users\MCervi\PaymodalAuthorizationsReport","T:\Users\MCervi\PaymodalAuthorizationsReport","PaymodalAuthorizationsReport"
"MCervi","Users\MCervi\PaymodalSettlementsReport","T:\Users\MCervi\PaymodalSettlementsReport","PaymodalSettlementsReport"
"MCervi","Users\MCervi\Paywith Interchange Report","T:\Users\MCervi\Paywith Interchange Report","Paywith Interchange Report"
"MCervi","Users\MCervi\PayWithSettlements","T:\Users\MCervi\PayWithSettlements","PayWithSettlements"
"MCervi","Users\MCervi\PayWithSettlements_2017","T:\Users\MCervi\PayWithSettlements_2017","PayWithSettlements_2017"
"MCervi","Users\MCervi\Posted Transaction Historical","T:\Users\MCervi\Posted Transaction Historical","Posted Transaction Historical"
"MCervi","Users\MCervi\Posted Transaction Historical2","T:\Users\MCervi\Posted Transaction Historical2","Posted Transaction Historical2"
"MCervi","Users\MCervi\Posted Updates 7-16","T:\Users\MCervi\Posted Updates 7-16","Posted Updates 7-16"
"MCervi","Users\MCervi\PostedFlatFile","T:\Users\MCervi\PostedFlatFile","PostedFlatFile"
"MCervi","Users\MCervi\PPS Negative Balance Report","T:\Users\MCervi\PPS Negative Balance Report","PPS Negative Balance Report"
"MCervi","Users\MCervi\PPSCardActivityReport_NoCTID","T:\Users\MCervi\PPSCardActivityReport_NoCTID","PPSCardActivityReport_NoCTID"
"MCervi","Users\MCervi\ProgramInterchangeReportB2B","T:\Users\MCervi\ProgramInterchangeReportB2B","ProgramInterchangeReportB2B"
"MCervi","Users\MCervi\ProgramInterchangeReportB2B_2017","T:\Users\MCervi\ProgramInterchangeReportB2B_2017","ProgramInterchangeReportB2B_2017"
"MCervi","Users\MCervi\ProgramInterchangeReportB2B_Daily","T:\Users\MCervi\ProgramInterchangeReportB2B_Daily","ProgramInterchangeReportB2B_Daily"
"MCervi","Users\MCervi\ProgramInterchangeReportDetailB2B_2017","T:\Users\MCervi\ProgramInterchangeReportDetailB2B_2017","ProgramInterchangeReportDetailB2B_2017"
"MCervi","Users\MCervi\ProgramRawData_CardInfo","T:\Users\MCervi\ProgramRawData_CardInfo","ProgramRawData_CardInfo"
"MCervi","Users\MCervi\ProgramRawData_CardInfo_2017","T:\Users\MCervi\ProgramRawData_CardInfo_2017","ProgramRawData_CardInfo_2017"
"MCervi","Users\MCervi\ProgramRawData_CardInfo_ByProgram","T:\Users\MCervi\ProgramRawData_CardInfo_ByProgram","ProgramRawData_CardInfo_ByProgram"
"MCervi","Users\MCervi\ProgramRawData_Transactions","T:\Users\MCervi\ProgramRawData_Transactions","ProgramRawData_Transactions"
"MCervi","Users\MCervi\ProgramRawData_Transactions_2017","T:\Users\MCervi\ProgramRawData_Transactions_2017","ProgramRawData_Transactions_2017"
"MCervi","Users\MCervi\ProgramRawData_Transactions_ByProgram","T:\Users\MCervi\ProgramRawData_Transactions_ByProgram","ProgramRawData_Transactions_ByProgram"
"MCervi","Users\MCervi\PromoCodeSettlementDetail","T:\Users\MCervi\PromoCodeSettlementDetail","PromoCodeSettlementDetail"
"MCervi","Users\MCervi\PromoCodeUpdate","T:\Users\MCervi\PromoCodeUpdate","PromoCodeUpdate"
"MCervi","Users\MCervi\QMR Card Acitivy Report_PaySafe","T:\Users\MCervi\QMR Card Acitivy Report_PaySafe","QMR Card Acitivy Report_PaySafe"
"MCervi","Users\MCervi\QMR Card Activity Report","T:\Users\MCervi\QMR Card Activity Report","QMR Card Activity Report"
"MCervi","Users\MCervi\QMR Card Features Report","T:\Users\MCervi\QMR Card Features Report","QMR Card Features Report"
"MCervi","Users\MCervi\QMR Card Features Report_Paysafe","T:\Users\MCervi\QMR Card Features Report_Paysafe","QMR Card Features Report_Paysafe"
"MCervi","Users\MCervi\QMR Settlement Activity Report","T:\Users\MCervi\QMR Settlement Activity Report","QMR Settlement Activity Report"
"MCervi","Users\MCervi\QMR Settlement Activity Report 2","T:\Users\MCervi\QMR Settlement Activity Report 2","QMR Settlement Activity Report 2"
"MCervi","Users\MCervi\QMR Settlement Activity Report 3-12","T:\Users\MCervi\QMR Settlement Activity Report 3-12","QMR Settlement Activity Report 3-12"
"MCervi","Users\MCervi\QMRCardActivityReport 3-15","T:\Users\MCervi\QMRCardActivityReport 3-15","QMRCardActivityReport 3-15"
"MCervi","Users\MCervi\QMRCardFeaturesReport 3-13","T:\Users\MCervi\QMRCardFeaturesReport 3-13","QMRCardFeaturesReport 3-13"
"MCervi","Users\MCervi\QMRCardFeaturesReport_2017","T:\Users\MCervi\QMRCardFeaturesReport_2017","QMRCardFeaturesReport_2017"
"MCervi","Users\MCervi\QMRSettlementActivityReport_2017","T:\Users\MCervi\QMRSettlementActivityReport_2017","QMRSettlementActivityReport_2017"
"MCervi","Users\MCervi\RANExportReport","T:\Users\MCervi\RANExportReport","RANExportReport"
"MCervi","Users\MCervi\Sanction Match Report","T:\Users\MCervi\Sanction Match Report","Sanction Match Report"
"MCervi","Users\MCervi\SettlementTransactions_Cass","T:\Users\MCervi\SettlementTransactions_Cass","SettlementTransactions_Cass"
"MCervi","Users\MCervi\SFNetsuite Activation Count","T:\Users\MCervi\SFNetsuite Activation Count","SFNetsuite Activation Count"
"MCervi","Users\MCervi\SFNetsuite Active Cards","T:\Users\MCervi\SFNetsuite Active Cards","SFNetsuite Active Cards"
"MCervi","Users\MCervi\SFNetSuite Settlement Amount","T:\Users\MCervi\SFNetSuite Settlement Amount","SFNetSuite Settlement Amount"
"MCervi","Users\MCervi\SFNetSuite Settlement Count","T:\Users\MCervi\SFNetSuite Settlement Count","SFNetSuite Settlement Count"
"MCervi","Users\MCervi\SFNetSuite Stored Value","T:\Users\MCervi\SFNetSuite Stored Value","SFNetSuite Stored Value"
"MCervi","Users\MCervi\SFNetSuiteFundsLoadedDaily_2017","T:\Users\MCervi\SFNetSuiteFundsLoadedDaily_2017","SFNetSuiteFundsLoadedDaily_2017"
"MCervi","Users\MCervi\SFNetSuite_FundsLoaded","T:\Users\MCervi\SFNetSuite_FundsLoaded","SFNetSuite_FundsLoaded"
"MCervi","Users\MCervi\Shell Holiday Giftcard Report","T:\Users\MCervi\Shell Holiday Giftcard Report","Shell Holiday Giftcard Report"
"MCervi","Users\MCervi\simon ad hoc","T:\Users\MCervi\simon ad hoc","simon ad hoc"
"MCervi","Users\MCervi\SimonDailyActivityFile","T:\Users\MCervi\SimonDailyActivityFile","SimonDailyActivityFile"
"MCervi","Users\MCervi\SimonMalls_AcctCreate","T:\Users\MCervi\SimonMalls_AcctCreate","SimonMalls_AcctCreate"
"MCervi","Users\MCervi\SimonMall_Invoice","T:\Users\MCervi\SimonMall_Invoice","SimonMall_Invoice"
"MCervi","Users\MCervi\SSIS_Updates_8-20-2018","T:\Users\MCervi\SSIS_Updates_8-20-2018","SSIS_Updates_8-20-2018"
"MCervi","Users\MCervi\SuperDuperFunTimes","T:\Users\MCervi\SuperDuperFunTimes","SuperDuperFunTimes"
"MCervi","Users\MCervi\Supplier Payments and Settlements","T:\Users\MCervi\Supplier Payments and Settlements","Supplier Payments and Settlements"
"MCervi","Users\MCervi\SupplierPaymentsandSettlementsMonthly_3-25","T:\Users\MCervi\SupplierPaymentsandSettlementsMonthly_3-25","SupplierPaymentsandSettlementsMonthly_3-25"
"MCervi","Users\MCervi\SupplierPaymentsandSettlements_3-25","T:\Users\MCervi\SupplierPaymentsandSettlements_3-25","SupplierPaymentsandSettlements_3-25"
"MCervi","Users\MCervi\SupplierPaymentsAndSettlements_5-27","T:\Users\MCervi\SupplierPaymentsAndSettlements_5-27","SupplierPaymentsAndSettlements_5-27"
"MCervi","Users\MCervi\SuspectedMerchantReports","T:\Users\MCervi\SuspectedMerchantReports","SuspectedMerchantReports"
"MCervi","Users\MCervi\SwirlCardBalanceReport","T:\Users\MCervi\SwirlCardBalanceReport","SwirlCardBalanceReport"
"MCervi","Users\MCervi\TBHD Offline","T:\Users\MCervi\TBHD Offline","TBHD Offline"
"MCervi","Users\MCervi\TokenizedSettlementDetailReport","T:\Users\MCervi\TokenizedSettlementDetailReport","TokenizedSettlementDetailReport"
"MCervi","Users\MCervi\Transaction Summary Report","T:\Users\MCervi\Transaction Summary Report","Transaction Summary Report"
"MCervi","Users\MCervi\TransactionReport_Swirl","T:\Users\MCervi\TransactionReport_Swirl","TransactionReport_Swirl"
"MCervi","Users\MCervi\TransactionSummary","T:\Users\MCervi\TransactionSummary","TransactionSummary"
"MCervi","Users\MCervi\UMB Bank file samples 11-14","T:\Users\MCervi\UMB Bank file samples 11-14","UMB Bank file samples 11-14"
"MCervi","Users\MCervi\UniversityDataDump","T:\Users\MCervi\UniversityDataDump","UniversityDataDump"
"MCervi","Users\MCervi\Void_Transfer report","T:\Users\MCervi\Void_Transfer report","Void_Transfer report"
"MCervi","Users\MCervi\WEMActivationsReport","T:\Users\MCervi\WEMActivationsReport","WEMActivationsReport"
"MCervi","Users\MCervi\WEMActivationsReportOld","T:\Users\MCervi\WEMActivationsReportOld","WEMActivationsReportOld"
"MCervi","Users\MCervi\WEMActivations_2017","T:\Users\MCervi\WEMActivations_2017","WEMActivations_2017"
"MCervi","Users\MCervi\WEMRedemptions","T:\Users\MCervi\WEMRedemptions","WEMRedemptions"
"MCervi","Users\MCervi\WEMRedemptions_2017","T:\Users\MCervi\WEMRedemptions_2017","WEMRedemptions_2017"
"MCervi","Users\MCervi\Whitelabel Email Last Sent Date","T:\Users\MCervi\Whitelabel Email Last Sent Date","Whitelabel Email Last Sent Date"
"MDodge","Users\MDodge\Private","T:\Users\MDodge\Private","Private"
"MDodge","Users\MDodge\Public","T:\Users\MDodge\Public","Public"
"MEagle","Users\MEagle\Private","T:\Users\MEagle\Private","Private"
"MEagle","Users\MEagle\Public","T:\Users\MEagle\Public","Public"
"MEasley","Users\MEasley\Private","T:\Users\MEasley\Private","Private"
"MGomez","Users\MGomez\Private","T:\Users\MGomez\Private","Private"
"MGomez","Users\MGomez\Public","T:\Users\MGomez\Public","Public"
"MGreer","Users\MGreer\Private","T:\Users\MGreer\Private","Private"
"MGreer","Users\MGreer\Public","T:\Users\MGreer\Public","Public"
"MHachler","Users\MHachler\2019 Mid Years","T:\Users\MHachler\2019 Mid Years","2019 Mid Years"
"MHachler","Users\MHachler\DG Call Listening","T:\Users\MHachler\DG Call Listening","DG Call Listening"
"MHachler","Users\MHachler\LLR Transaction requests","T:\Users\MHachler\LLR Transaction requests","LLR Transaction requests"
"MHachler","Users\MHachler\MJ Personal","T:\Users\MHachler\MJ Personal","MJ Personal"
"MHachler","Users\MHachler\Private","T:\Users\MHachler\Private","Private"
"MHachler","Users\MHachler\Public","T:\Users\MHachler\Public","Public"
"MHamilton","Users\MHamilton\Private","T:\Users\MHamilton\Private","Private"
"MHamilton","Users\MHamilton\Public","T:\Users\MHamilton\Public","Public"
"MHumbird","Users\MHumbird\Private","T:\Users\MHumbird\Private","Private"
"MHumbird","Users\MHumbird\Public","T:\Users\MHumbird\Public","Public"
"MHumbird","Users\MHumbird\Stuff","T:\Users\MHumbird\Stuff","Stuff"
"MJacobs","Users\MJacobs\Private","T:\Users\MJacobs\Private","Private"
"MJacobs","Users\MJacobs\Public","T:\Users\MJacobs\Public","Public"
"MLaajili","Users\MLaajili\Private","T:\Users\MLaajili\Private","Private"
"MMedearis","Users\MMedearis\Private","T:\Users\MMedearis\Private","Private"
"MMedearis","Users\MMedearis\Public","T:\Users\MMedearis\Public","Public"
"MMiller","Users\MMiller\Public","T:\Users\MMiller\Public","Public"
"MMiroslaw","Users\MMiroslaw\Private","T:\Users\MMiroslaw\Private","Private"
"MMiroslaw","Users\MMiroslaw\Public","T:\Users\MMiroslaw\Public","Public"
"MMontrone","Users\MMontrone\Private","T:\Users\MMontrone\Private","Private"
"MMontrone","Users\MMontrone\Public","T:\Users\MMontrone\Public","Public"
"MRomohr","Users\MRomohr\Private","T:\Users\MRomohr\Private","Private"
"MRomohr","Users\MRomohr\Public","T:\Users\MRomohr\Public","Public"
"MWaldie","Users\MWaldie\Private","T:\Users\MWaldie\Private","Private"
"MZalansky","Users\MZalansky\People","T:\Users\MZalansky\People","People"
"MZalansky","Users\MZalansky\Private","T:\Users\MZalansky\Private","Private"
"MZalansky","Users\MZalansky\Projects","T:\Users\MZalansky\Projects","Projects"
"MZalansky","Users\MZalansky\Public","T:\Users\MZalansky\Public","Public"
"MZalansky","Users\MZalansky\SSISMasterFile_WIP","T:\Users\MZalansky\SSISMasterFile_WIP","SSISMasterFile_WIP"
"MZalansky","Users\MZalansky\SysOps","T:\Users\MZalansky\SysOps","SysOps"
"NDudley","Users\NDudley\Private","T:\Users\NDudley\Private","Private"
"NDudley","Users\NDudley\Public","T:\Users\NDudley\Public","Public"
"NOliver","Users\NOliver\Private","T:\Users\NOliver\Private","Private"
"NOliver","Users\NOliver\Public","T:\Users\NOliver\Public","Public"
"NTomasi","Users\NTomasi\Private","T:\Users\NTomasi\Private","Private"
"NTomasi","Users\NTomasi\Public","T:\Users\NTomasi\Public","Public"
"PGolden","Users\PGolden\Private","T:\Users\PGolden\Private","Private"
"PGolden","Users\PGolden\Public","T:\Users\PGolden\Public","Public"
"PLerma","Users\PLerma\Private","T:\Users\PLerma\Private","Private"
"PLerma","Users\PLerma\Public","T:\Users\PLerma\Public","Public"
"PMiller","Users\PMiller\Public","T:\Users\PMiller\Public","Public"
"RBoen","Users\RBoen\Private","T:\Users\RBoen\Private","Private"
"RBoen","Users\RBoen\Public","T:\Users\RBoen\Public","Public"
"RCavin","Users\RCavin\Public","T:\Users\RCavin\Public","Public"
"RGramling","Users\RGramling\Private","T:\Users\RGramling\Private","Private"
"RGreer","Users\RGreer\Private","T:\Users\RGreer\Private","Private"
"RGreer","Users\RGreer\Public","T:\Users\RGreer\Public","Public"
"RLawrence","Users\RLawrence\Private","T:\Users\RLawrence\Private","Private"
"SAnderson","Users\SAnderson\Public","T:\Users\SAnderson\Public","Public"
"SFedor","Users\SFedor\Private","T:\Users\SFedor\Private","Private"
"SFedor","Users\SFedor\Public","T:\Users\SFedor\Public","Public"
"SHardimon","Users\SHardimon\Private","T:\Users\SHardimon\Private","Private"
"SMartin","Users\SMartin\Arch Presentation","T:\Users\SMartin\Arch Presentation","Arch Presentation"
"SMartin","Users\SMartin\Interlink R2019.11","T:\Users\SMartin\Interlink R2019.11","Interlink R2019.11"
"SMartin","Users\SMartin\Interlink R2019.13","T:\Users\SMartin\Interlink R2019.13","Interlink R2019.13"
"SMartin","Users\SMartin\Sanctions XML","T:\Users\SMartin\Sanctions XML","Sanctions XML"
"SMartin","Users\SMartin\scripts","T:\Users\SMartin\scripts","scripts"
"SMartin","Users\SMartin\Simulator API Documentation","T:\Users\SMartin\Simulator API Documentation","Simulator API Documentation"
"SMartin","Users\SMartin\SystemLog Database Cleanup","T:\Users\SMartin\SystemLog Database Cleanup","SystemLog Database Cleanup"
"SRothfuss","Users\SRothfuss\Public","T:\Users\SRothfuss\Public","Public"
"SScolaro","Users\SScolaro\Private","T:\Users\SScolaro\Private","Private"
"SSisel","Users\SSisel\Private","T:\Users\SSisel\Private","Private"
"SSkaggs","Users\SSkaggs\Private","T:\Users\SSkaggs\Private","Private"
"SSkaggs","Users\SSkaggs\Public","T:\Users\SSkaggs\Public","Public"
"TCandelario","Users\TCandelario\Private","T:\Users\TCandelario\Private","Private"
"TCobelens","Users\TCobelens\Private","T:\Users\TCobelens\Private","Private"
"TCobelens","Users\TCobelens\Public","T:\Users\TCobelens\Public","Public"
"TWicker","Users\TWicker\Private","T:\Users\TWicker\Private","Private"
"TWicker","Users\TWicker\Public","T:\Users\TWicker\Public","Public"
"YHassani","Users\YHassani\Private","T:\Users\YHassani\Private","Private"
"YHassani","Users\YHassani\Public","T:\Users\YHassani\Public","Public"
"ZHolle","Users\ZHolle\Private","T:\Users\ZHolle\Private","Private"
"ZHolle","Users\ZHolle\Public","T:\Users\ZHolle\Public","Public"
