Library,Folder1,Folder2
PWS,Casa Estates ,CO-PCE-287
PWS,Front Range Manufactured Homes ,CO-PFR-343 
PWS,Friendly Village of the Rockies ,CO-PFVOR-510 
PWS,Friendly Village of the Rockies ,CO-PFVOR-223 
PWS,Friendly Village of the Rockies ,CO-PFVOR-47
PWS,Kimberly Hills,CO-PKH-443
PWS,Kimberly Hills,CO-PKH-132 
PWS,Kimberly Hills,CO-PKH-440
PWS,Kimberly Hills,CO-PKH-670 
PWS,Kimberly Hills,CO-PKH-667
PWS,Kimberly Hills,CO-PKH-656
PWS,Kimberly Hills,CO-PKH-662D
PWS,Kimberly Hills ,CO-PKH-447
PWS,Kimberly Hills ,CO-PKH-645 
PWS,Kimberly Hills,CO-PKH-96
PWS,Kimberly Hills,CO-PKH-181
PWS,Lamplighter,CO-PLL-59
PWS,Lamplighter,CO-PLL-20
PWS,Lamplighter,CO-PLL-148
PWS,Lamplighter ,CO-PLL-106 
PWS,Lamplighter ,CO-PLL-227